zh,en
FIFA女系列赛,FIFA Women's Series
FIFA系列赛,FIFA Series
J2/J3联,J2/J3 League
世亚预,World Cup Qualifying (AFC)
世俱杯,FIFA Club World Cup
世南美,World Cup Qualifying (CONMEBOL)
世欧预,World Cup Qualifying (UEFA)
世界杯,FIFA World Cup
世青赛,FIFA U-20 World Cup
东亚杯,EAFF E-1 Football Championship
东亚运,East Asian Games
东盟锦标,ASEAN Championship
中国之队锦标赛,Team China Tournament
中超,Chinese Super League
丹麦超,Danish Superliga
乌兹杯,Uzbekistan Cup
乌兹超,Uzbekistan Super League
亚冠,AFC Champions League Elite
亚冠二级,AFC Champions League Two
亚洲杯,AFC Asian Cup
亚精英赛,AFC Champions League Elite
亚运女足,Asian Games Women's Football
亚运男足,Asian Games Men's Football
亚青杯,AFC U23 Asian Cup
仁川联,Incheon United
代格福什,Degerfors IF
佐加顿斯,Djurgårdens IF
保甲,Bulgarian First League
克亚联,Croatian HNL
全北现代,Jeonbuk Hyundai Motors
兹沃勒,PEC Zwolle
前进之鹰,Go Ahead Eagles
加拿冠,Canadian Premier League
匈甲,Hungarian NB I
北冠杯,CONCACAF Champions Cup
南美杯,Copa Sudamericana
南美超杯,Recopa Sudamericana
卡塔乙,Qatari Second Division
印尼总杯,Indonesian President's Cup
厄瓜杯,Copa Ecuador
厄瓜甲,Ecuadorian Serie A
哈萨克超,Kazakhstan Premier League
哥德堡,IFK Göteborg
四国赛,Four Nations Tournament
国王杯,Copa del Rey
国际冠军杯,International Champions Cup
国际友谊,International Friendly
土杯,Turkish Cup
土超,Süper Lig
圣菲杯,Copa Santa Fe
塞尔超,Serbian SuperLiga
塞浦甲,Cypriot First Division
塞浦超杯,Cypriot Super Cup
天皇杯,Emperor's Cup
奥地利杯,Austrian Cup
奥尔格里特,Örgryte IS
奥甲,Austrian Bundesliga
奥迪杯,Audi Cup
奥选赛,Olympic Qualifiers
女东亚杯,EAFF E-1 Women's Championship
女东南运,SEA Games Women's Football
女亚洲杯,AFC Women's Asian Cup
女奥亚预,AFC Women's Olympic Qualifiers
女欧国联,UEFA Women's Nations League
女足四国,Women's Four Nations Tournament
富川FC,Bucheon FC 1995
巴圣锦标,Campeonato Paulista
巴帕联,Campeonato Paraense
巴拉杯,Copa Paraguay
巴拉甲,Paraguayan Primera División
巴西乙,Brazilian Série B
巴西杯,Copa do Brasil
巴西甲,Brasileirão
巴超杯,Supercopa do Brasil
巴高联,Campeonato Gaúcho
布鲁马波卡纳,IF Brommapojkarna
希腊杯,Greek Cup
希腊超,Greek Super League
希超杯,Greek Super Cup
德丙,German 3. Liga
德乙,2. Bundesliga
德国杯,DFB-Pokal
德岛漩涡,Tokushima Vortis
德甲,Bundesliga
德电信杯,Telekom Cup
德超杯,DFL-Supercup
意丙,Serie C
意乙,Serie B
意杯,Coppa Italia
意甲,Serie A
意超杯,Supercoppa Italiana
挪威杯,Norwegian Cup
挪甲,Norwegian First Division
挪超,Eliteserien
捷克杯,Czech Cup
捷甲,Czech First League
斯亚杯,Slovenian Cup
斯亚甲,Slovenian PrvaLiga
斯伐杯,Slovak Cup
斯伐超,Slovak Super Liga
新加坡联,Singapore Premier League
日职丙,J3 League
日职乙,J2 League
日职联,J1 League
日联杯,J.League Cup
格罗宁根,FC Groningen
欧冠,UEFA Champions League
欧协联,UEFA Conference League
欧国联,UEFA Nations League
欧杯预,UEFA Euro Qualifiers
欧洲杯,UEFA European Championship
欧联,UEFA Europa League
欧超杯,UEFA Super Cup
欧青赛,UEFA U21 Championship
比甲,Belgian Pro League
比超杯,Belgian Super Cup
永川女足邀请赛,Yongchuan Women's Invitational
沙特甲,Saudi First Division
沙特联,Saudi Pro League
沙王冠,Saudi King's Cup
沙王杯,Saudi King's Cup
沙超杯,Saudi Super Cup
法丙,French National
法乙,Ligue 2
法国杯,Coupe de France
法甲,Ligue 1
法联杯,Coupe de la Ligue
法超杯,Trophée des Champions
波兰甲,Polish Ekstraklasa
波罗杯,Baltic Cup
波超杯,Polish Super Cup
泰超,Thai League 1
泰足总,Thai FA Cup
洲际杯,Intercontinental Cup
海湾奥杯,Gulf U23 Championship
海牙,ADO Den Haag
特温特,FC Twente
球会友谊,Club Friendly
瑞典杯,Swedish Cup
瑞典超,Allsvenskan
瑞典超甲,Swedish Superettan
瑞士杯,Swiss Cup
瑞士超,Swiss Super League
甘伯杯,Joan Gamper Trophy
省港女杯,Guangdong-Hong Kong Women's Cup
索尔纳,AIK
索非亚列夫斯基,Levski Sofia
维京,Viking FK
美公开赛,U.S. Open Cup
美冠杯,CONCACAF Champions Cup
美洲杯,Copa América
美职联,MLS
联盟杯,Leagues Cup
芬兰杯,Finnish Cup
芬甲,Finnish Ykkönen
芬联杯,Finnish League Cup
芬超,Veikkausliiga
苏总杯,Scottish Cup
苏联杯,Scottish League Cup
苏超,Scottish Premiership
英乙,EFL League Two
英冠,Championship
英甲,English League One
英社盾,Community Shield
英联杯,EFL Cup
英议联,National League
英超,Premier League
英超夏季赛,Premier League Summer Series
英足总杯,FA Cup
英锦赛,EFL Trophy
荷乙,Eerste Divisie
荷兰杯,KNVB Cup
荷甲,Eredivisie
荷超杯,Johan Cruyff Shield
萨格勒布迪纳摩,Dinamo Zagreb
葡杯,Taça de Portugal
葡甲,Liga Portugal 2
葡联杯,Taça da Liga
葡超,Primeira Liga
葡超杯,Supertaça de Portugal
西乙,Spanish Segunda División
西亚青锦,WAFF Youth Championship
西甲,La Liga
西超杯,Supercopa de España
解放者杯,Copa Libertadores
费内巴切,Fenerbahçe
费耶诺德,Feyenoord
足协杯,Chinese FA Cup
迪拜杯,Dubai Cup
酋长杯,Emirates Cup
里昂,Lyon
里约锦标,Campeonato Carioca
金泉尚武,Gimcheon Sangmu
阿塞超,Azerbaijan Premier League
阿拉冠,Arab Club Champions Cup
阿根廷杯,Copa Argentina
阿甲,Argentine Primera División
阿联酋杯,UAE Cup
阿联酋超,UAE Pro League
雅典AEK,AEK Athens
韩K2联,K League 2
韩K联,K League 1
韩国杯,Korean FA Cup
马来超,Malaysia Super League
马足总,Malaysia FA Cup
鸟栖砂岩,Sagan Tosu
麒麟挑战杯,Kirin Challenge Cup
麒麟杯,Kirin Cup
